GAGCTACGTTGATCTACGAT,0
GTGCTACGTTGATATACGAT,0
GAACTACGTTGATATACGAT,0
GAGCTAGGTTGATATACGAT,0
GAGCCACGTTGATATACGAT,0
GAGCTACCTTGATATACGAT,0
GAGCTACGTAGATATACGAT,0
GAGCTACGTTGCTATACGAT,0
GAGCTACGTCGATATACGAT,0
GAGCTACGTGGATATACGAT,0
GAGCTACGTTGATTTACGAT,0
GAGCTACGTTGATACACGAT,0
GAGCTACGTTGATATACGAC,0
GACCTACGTTGATATACGAT,0
GAACTACGTTGATATACGAT,0
GAGCTACGTTGATAAACGAT,0
GAGCTACCTTGATATACGAT,0
GAGCTACGTTGATCTACGAT,0
GAGCTACGCTGATATACGAT,0
GAGCCACGTTGATATACGAT,0
GAGCTCCGTTGATATACGAT,0
GAGCTACGTTGATATACGAA,0
GAGCTACGTGGATATACGAT,0
GAGCTACGTTGATATACCAT,0
GAGCTACGTTGGTATACGAT,0
GAGCTACGATGATATACGAT,0
GATCTACGTTGATATACGAT,0
GAGCTACGATGATATACGAT,0
GAGCTACTTTGATATACGAT,0
GAGCTACGTTCATATACGAT,0
GAGCTACGTTGATATGCGAT,0
GAGCTACGTTGATACACGAT,0
GAGCTACGTTTATATACGAT,0
GAGCTACGCTGATATACGAT,0
GAGCTGCGTTGATATACGAT,0
GAGCTACGTTGTTATACGAT,0
GAGCTACGTTGATATGCGAT,0
GAGCTACGTTGCTATACGAT,0
GAGCTACGTTGATATGCGAT,0
GAGCTACGTTGGTATACGAT,0
GAGCTACGTTGATAAACGAT,0
GAGCTACGTTGATGTACGAT,0
GAGCTACGTTGAAATACGAT,0
GAGCTACGTTGATATAAGAT,0
GAGCTACATTGATATACGAT,0
GAGCTACGTTGATATACGAC,0
GAGCGACGTTGATATACGAT,0
TAGCTACGTTGATATACGAT,0
GAGCTACGTTAATATACGAT,0
GAGCAACGTTGATATACGAT,0
GAGCTACGTTGATGTACGAT,0
GAGCTACGTTGATCTACGAT,0
GAGTTACGTTGATATACGAT,0
GCGCTACGTTGATATACGAT,0
GAGCTACGTGGATATACGAT,0
GACCTACGTTGATATACGAT,0
GAGCTACGTAGATATACGAT,0
CAGCTACGTTGATATACGAT,0
GAGCTACGTTGATATATGAT,0
AAGCTACGTTGATATACGAT,0
GAGCTACGTTGATAAACGAT,0
GAGCTACGTTAATATACGAT,0
GAGCTACGTTGATATACAAT,0
GAGCTACGTTGATATACTAT,0
CAGCTACGTTGATATACGAT,0
GAGCTACGTTGATCTACGAT,0
GGGCTACGTTGATATACGAT,0
GAGCTACGTTGAAATACGAT,0
GAGCTGCGTTGATATACGAT,0
GAGCTACGTAGATATACGAT,0
GAGCTACGTTGATTTACGAT,0
CAGCTACGTTGATATACGAT,0
GAGCTACGTTGATATACGCT,0
GAGCTACGTTGATATGCGAT,0
GAGCTATGTTGATATACGAT,0
GAGCTACGTTGATATACGAC,0
GAGCTACGTTGATATACGAC,0
GAGCTACGTTGATACACGAT,0
GAGCTACGTTAATATACGAT,0
GAGCCACGTTGATATACGAT,0
GAGCTACGTTGATATTCGAT,0
GAGCTACGTTGATATTCGAT,0
GAGCTACGTTGATATAAGAT,0
GGGCTACGTTGATATACGAT,0
GAGCTGCGTTGATATACGAT,0
AAGCTACGTTGATATACGAT,0
GAGCGACGTTGATATACGAT,0
GAGCTACGTTGATATACGAG,0
GAGCTACGTAGATATACGAT,0
GAGCTACATTGATATACGAT,0
GAGCTACGTCGATATACGAT,0
GAGTTACGTTGATATACGAT,0
GAGCTACGTCGATATACGAT,0
GAGCTACGTTGATAAACGAT,0
GAGCTACGTTGATATACGAA,0
GAGCCACGTTGATATACGAT,0
GAGCTACGTTGCTATACGAT,0
GAGCTACGTTGATATACTAT,0
GAGCAACGTTGATATACGAT,0
GAGCTAAGTTGATATACGAT,0
AAAATGGGCCGCTCTCCTAT,0
TAGATGGGCCTTGCTCCTAC,0
TAGATGGGTCGCTCGCCTGC,0
CACATGTGCCGCTCTCCTAC,0
TAGGGGGGCCGCTCTCGTAC,0
TAAATGCGCCGTTCTCCTAC,0
TAGCTCTGCCGCTCTCCTAC,0
TAAATGCGCCGCTCTCCTAA,0
TTGATGGGCCGCTCTAATAC,0
GAGATGGGCCCCTCCCCTAC,0
TAGCTGCGCCGCTCTACTAC,0
TAGAAGGGCCGCTTTCCTCC,0
TAGCTGGGCCACTCTCATAC,0
TAGATGGGCTGCTCACCTTC,0
TAGATGGGCCCCGCCCCTAC,0
TAAAAGGGCCGCCCTCCTAC,0
TAAATGGGCAGCTCTCCTCC,0
TAGATGCGCCGCTTTACTAC,0
CAGATGGGCCGCTATACTAC,0
TAGAAGGGCCGCTAGCCTAC,0
GAGATAGGCCGCTCTCCTCC,0
TTGATGGGCCGCTCGCTTAC,0
TAGAGGGGCCGCCTTCCTAC,0
TAGCTGGGCCGCCATCCTAC,0
TAGATGGGGCGTGCTCCTAC,0
TAGATTGGACGCTCTCCTGC,0
TATATGGACCGCTCTCCTCC,0
TAGCAGGGCGGCTCTCCTAC,0
TAGATGGGCCAATCTGCTAC,0
TACATGGGCCGTTCCCCTAC,0
TAGCTGTGCCGATCTCCTAC,0
TAAATCGGCCGCTCTCCGAC,0
TAGATGGGCAGCTCCCCCAC,0
AAGATGGGCCGGTTTCCTAC,0
TAGATGGGCCCCTGTCCTAA,0
CAGATGGGTTGCTCTCCTAC,0
AAGATGGGCCGGTCACCTAC,0
TAGATGGTTCCCTCTCCTAC,0
AGGATGGGCCGCCCTCCTAC,0
AACATGGGCCGCTCTCCCAC,0
TAGGCGGGCCGTTCTCCTAC,0
TAAATCGGACGCTCTCCTAC,0
TAGAGGGACCGCTCCCCTAC,0
TCGATGGGCCGCTCTAATAC,0
TAGGAGGGCCGCTCTCCCAC,0
TAGATGGGCCTCGCTTCTAC,0
TTGATGGGGCGCTCTCCCAC,0
TAGATGGGCCGCTCACCTGG,0
TAGATGGGCCGCACTCGGAC,0
TAAATGAGCCACTCTCCTAC,0
TAGATGGGCCGCGCTAATAC,0
TAGAAAGGCCGGTCTCCTAC,0
TACATCGGCCGCTCTCATAC,0
TACATGGGCAGCCCTCCTAC,0
TCGATGAGCCGCTCGCCTAC,0
TAGATGGGCCGCATTCCTTC,0
TAGATGCGACGCTCTCCCAC,0
TAGATGGGCCGATCCACTAC,0
TTGATTGGCCGCTCTCCTAT,0
TTGATGGGCCTCTCTCCAAC,0
TAGTTCGCCCGCTCTCCTAC,0
TTGATGGGCCTCTCTTCTAC,0
AAGATGGGCCGCTTTCCTGC,0
TAGATGGAGCGCTCTCGTAC,0
TAGATAGGCCGCTCTCCCTC,0
TAGATGGGCGCCTCTCCGAC,0
TAGATGGGCCGCTCCGCCAC,0
TAGATGGACAACTCTCCTAC,0
TAGATGGGTCGCTGTCCTGC,0
TAGCTGGGCTGCTCTCGTAC,0
TAGATGGCCCGCACTCCTAG,0
TCGCTGGGCCGCTCTCCTCC,0
CAGATGGGCCGCTGTTCTAC,0
TAGATAGTCCGCTCTCCTTC,0
TAGATAGGCCGCTTTCCTAA,0
TAGATGGGCCCCTCCCCAAC,0
TACATGGGCCGCACTCCTAG,0
TAGATGGGCGTCTTTCCTAC,0
TACATGGGCCACTTTCCTAC,0
TCGATGGCCAGCTCTCCTAC,0
TAGATTCGCCGCTCTGCTAC,0
TAAATGAGCCGCGCTCCTAC,0
TATATGGGCGCCTCTCCTAC,0
TAGATGGGCGGAGCTCCTAC,0
TAGATGCGCCGATCTCCGAC,0
TCGATGGGACGCTCTCCCAC,0
TAGCTGGCCCGCTCTCTTAC,0
CAGATGGGTCGCTCTCCTGC,0
TAGATAGGCAGCTCTCCTAG,0
TAGATGGACCTCTCTGCTAC,0
TAGATGCGCCGCGCTCCTAT,0
TATATGGGTCTCTCTCCTAC,0
TAGATGGGCTGCTCGGCTAC,0
GAGATGGGCCCCACTCCTAC,0
TAGATGGCGCGCGCTCCTAC,0
TAGATCGGCCGCCCTCCTAA,0
TAGATGGTCCGCTCTCGTGC,0
TAGATGGCCCACTCTCCAAC,0
GACATGGGCCGGTCTCCTAC,0
TAGATGAGCCGTTCTCCTAT,0
TGATTATCTTCTACCACCAA,0
CGATTTTGTTGTGCGACCAT,0
CGATTATGTTCTGCTAGCAG,0
GGACTGCCTTCTGCAACCAT,0
GGATTATATTCTGCAACCTC,0
GGACTATCTTATGCAACCAC,0
CTATTAACTTATGCAACCAA,0
GGATTATGTTATCCAACCAT,0
CAATTATCTTATACTACCAT,0
AGATTGCCTTCTGCAACCCT,0
CTATTATCTTTTACGACCAT,0
AGCGGTGACGTGTTGTGTTG,0
GGCGGTGACGTGTAATGTAG,0
GGCCGTGACGTGTTCCCTAG,0
GGTCGTGACGTGTTTTGTGG,0
CGCCGTAACCTGTTGTGTAG,0
GGCCGTGTCGAGTTGTGTGG,0
GGCCGTGCCGTGTACTGTAG,0
GGGCGTGACGTGTTGTGGCG,0
GGGCGTGACGTGTGGCGTAG,0
GGCACTGACGCGTTGTGTAG,0
GGCCGCGACGTGTTGCGTCG,0
TGCAGTGAGGTGTTGTGTAG,0
GGCCGTGACAACTTGTGTAG,0
GGCCGTGACGTGATTAGTAG,0
GACCGTGACGAGTTTTGTAG,0
GGCCGTGACGCTTTGTGTAC,0
TGCCTTGACGTGTTGCGTAG,0
GGCCGTGATGTGATGTGTGG,0
GGCTGAGAAGTGTTGTGTAG,0
GCCCCTGACGTGCTGTGTAG,0
GGCCGTGACGTGGTGTGCAA,0
GGCCGGGACGTGTAGTCTAG,0
GGCCGTGAAGTGTAGTGTCG,0
GGCCGGACCGTGTTGTGTAG,0
GGCCGTGAGGTGTTGTGTCA,0
GGCGATGACGTGTTGGGTAG,0
GGTCGTGACATGATGTGTAG,0
GCCCGTGACGTGACGTGTAG,0
GGCCGCGACGTCTTGTGTTG,0
GGCCGGCCCGTGTTGTGTAG,0
GGCCGTGACGTGTTTGGTTG,0
GGGCGTGACGGGTTGTGAAG,0
TGCCTTGACGTGTTGTCTAG,0
GGCCGTGGCGTGTTATGAAG,0
GTCCTTGACGTGTTGTGTAT,0
GGCCGTGACGTGTTGCCTTG,0
GGCCGTAACGTGTTTTTTAG,0
GGCAGTGACGGGTAGTGTAG,0
GTCCGTGCCGTGTTCTGTAG,0
GGCCGTGACGTGTGGAGTCG,0
AGCCGACACGTGTTGTGTAG,0
TGCCGTGACGTTGTGTGTAG,0
GTCCGTAACCTGTTGTGTAG,0
GCCCGTGACATGTTTTGTAG,0
GGCCGTCACCTGTTTTGTAG,0
GCCCGTGACGTGGTGTGTCG,0
TGCCGTGTCGTTTTGTGTAG,0
GGCCGTGTCGGGTTTTGTAG,0
GGGCGTGACGAGTTGTCTAG,0
GGCCGTGGCTTGTTGTCTAG,0
GGACGTGACGTGTTGCGTCG,0
GGCTGTGACTTGTTGAGTAG,0
GACCGTGACCTGTTGTGTAA,0
GGCCGTGTCTTGTTATGTAG,0
AGCCGTGGCGTATTGTGTAG,0
GGCAGTGTGGTGTTGTGTAG,0
GGACGTGACGTGGTCTGTAG,0
AGCCGTGACGTGTTGTAAAG,0
GGCAGTGACGTGATGTGTAA,0
GGTCGTGACGTGTAGCGTAG,0
AGCCGTGACGTGGTGTATAG,0
GGCCGTGACGTATTGTGAAC,0
GGTCGTGACCTGTTGTTTAG,0
GACCGTGACGTGTGGTGTAT,0
GGCCGTGACGTGGTGTTGAG,0
GGACGTGACTTGTTGCGTAG,0
GGCGGTGATGTGTTGCGTAG,0
GGCTGTGACGTGTCGCGTAG,0
GGCCGTGACGTAACGTGTAG,0
GGCCGCGATGTATTGTGTAG,0
GGCCGTGTCGTGTTGTGGAA,0
GGCCGAGACGTGTTGTGAAA,0
GGCAGTGACGTGTCGTGTGG,0
GACCATGACGCGTTGTGTAG,0
GGCCGTGTCGTGTTGTGCCG,0
GGCTGTGACGGGTTGAGTAG,0
GGCCGTGACGTGTTCCGTAT,0
GGACGTGACGGGTAGTGTAG,0
GGTCGTGTCGGGTTGTGTAG,0
GGCCGTGAGGACTTGTGTAG,0
GGCCGTGACGTCTTGGGTCG,0
GTCCGTGGCTTGTTGTGTAG,0
GGCAGTGGCATGTTGTGTAG,0
GGGAGTGACGTGTTGTGTAA,0
TGCCCGGACGTGTTGTGTAG,0
GGCCGTGATGTGATGCGTAG,0
GACCGTGACGTGCTATGTAG,0
GGCCGTGAGGTGTGATGTAG,0
GGCCGTGCCGTGTTGTAAAG,0
AGCCGCGACGTGTTGAGTAG,0
GAAGCGTTCGTGTCGGTTCA,0
GAAGCGTTCGTTTCGGATCA,0
GAGGCGTTCGTTTCGGTTCA,0
GAATCGTTCGTTTCGGTTCA,0
GAAGCGTACGTTTCGGTTCA,0
GAAGCGTTCGTCTCGGTTCA,0
GAAGCGATCGTTTCGGTTCA,0
GAAGCGTTTGTTTCGGTTCA,0
GAAGCATTCGTTTCGGTTCA,0
GAAGCGTTCGGTTCGGTTCA,0
GAAGCGGTCGTTTCGGTTCA,0
GAAGCGTACGTTTCGGTTCA,0
GAAGCGTTCGTTTCGGTTTA,0
AAAGCGTTCGTTTCGGTTCA,0
CAAGCGTTCGTTTCGGTTCA,0
GAGGCGTTCGTTTCGGTTCA,0
GAAGCGTTCGTTTCAGTTCA,0
GAAGCGTTCGTTTCTGTTCA,0
GAAGCGTTCGTTTCCGTTCA,0
GAAGCGTTCGTTTCGGGTCA,0
GAAGCGTTCGTTTTGGTTCA,0
GAATCGTTCGTTTCGGTTCA,0
GAAGCGTTCGTTTCGATTCA,0
GAAGCGTTCGTTTCGGTTAA,0
GAAGCGTTCGTTACGGTTCA,0
GAGGCGTTCGTTTCGGTTCA,0
GCAGCGTTCGTTTCGGTTCA,0
GAAGCGTTCGTTTCGGATCA,0
GAAGCGTTCGATTCGGTTCA,0
GAAGCGTGCGTTTCGGTTCA,0
GAAGCGTTCGTTTCGGTCCA,0
GAACCGTTCGTTTCGGTTCA,0
GAAGCGTTCGGTTCGGTTCA,0
CAAGCGTTCGTTTCGGTTCA,0
GGAGCGTTCGTTTCGGTTCA,0
GAAGCGTTCGTTTCGTTTCA,0
GAAGCGTTCCTTTCGGTTCA,0
GAATCGTTCGTTTCGGTTCA,0
GAAGCGTTCGTTTCCGTTCA,0
GAAGCGTGCGTTTCGGTTCA,0
GAAGCGTTCGTTTCGGTCCA,0
GAAGGGTTCGTTTCGGTTCA,0
GAAGCGTACGTTTCGGTTCA,0
GTAGCGTTCGTTTCGGTTCA,0
GAAGGGTTCGTTTCGGTTCA,0
GAAGCGTTCGTATCGGTTCA,0
TAAGCGTTCGTTTCGGTTCA,0
GAAGCTTTCGTTTCGGTTCA,0
GAAGCGTTCGTTTTGGTTCA,0
GAAGCGTTCGATTCGGTTCA,0
GAAGCGTTCGTTACGGTTCA,0
GAAGCGTTCGTTTCGGTTCC,0
GAAGCGTTCGTCTCGGTTCA,0
GAAGCGTTCTTTTCGGTTCA,0
GAAGCGTTCGTTTCGGGTCA,0
GAAGCGTTCTTTTCGGTTCA,0
GAAGCGTTCGTTCCGGTTCA,0
GAAGCGTTCGTTTCGGTACA,0
GAAGCGTTCGTTTCCGTTCA,0
GAAGCGTTCCTTTCGGTTCA,0
GAAGCGTTCGTTTTGGTTCA,0
GAAGCGTTCGTTTCGATTCA,0
GAAGCGTTCGTGTCGGTTCA,0
GAAGCGTTCCTTTCGGTTCA,0
GAAGCGTTCGTTTCGGTACA,0
GAAGCGTTCGCTTCGGTTCA,0
GAATCGTTCGTTTCGGTTCA,0
GAAGCTTTCGTTTCGGTTCA,0
GAAACGTTCGTTTCGGTTCA,0
GAAGCGTTCGATTCGGTTCA,0
GAAGAGTTCGTTTCGGTTCA,0
GAAGCGTTCGTTGCGGTTCA,0
GAAGCGTTCGTTTCGGTTCT,0
GAAGCGTTCGTTTCGGTTAA,0
GACGCGTTCGTTTCGGTTCA,0
CAAGCGTTCGTTTCGGTTCA,0
GAAGCGTTCGTTTCGGTTCC,0
GAGGCGTTCGTTTCGGTTCA,0
AAAGCGTTCGTTTCGGTTCA,0
GGAGCGTTCGTTTCGGTTCA,0
GAAGCGTTCTTTTCGGTTCA,0
GAAGCGTTCGTTTGGGTTCA,0
GAAGCGTTCGTTTTGGTTCA,0
GAAGCGTTCGTTTAGGTTCA,0
GAAGCGTTCGTTTCGCTTCA,0
GAAGCCTTCGTTTCGGTTCA,0
GATGCGTTCGTTTCGGTTCA,0
GATGCGTTCGTTTCGGTTCA,0
GAAGCGTTCGTTTCTGTTCA,0
GAAGCGTTCGTTTGGGTTCA,0
GGAGCGTTCGTTTCGGTTCA,0
GAAGTGTTCGTTTCGGTTCA,0
GAAGCGTTCGTTCCGGTTCA,0
GAAGCGTTCGTGTCGGTTCA,0
GAAGCGTTCGTTTAGGTTCA,0
GAAGCGTTCGTTTGGGTTCA,0
GAAGCGTTCGTTTCGGATCA,0
GAAGCGTTCGTTTCGGTTCT,0
GAAGCCTTCGTTTCGGTTCA,0
GAAGCGTTCGTTGCGGTTCA,0
AAGGTGAGGGCTACGGGAAG,0
AAAGGGAGGGCTACGTGAAT,0
AAAGGGAGGGCTACGTGGAG,0
AAAGTGAGGGCTACTTGAGG,0
ACAGTGAAGGCTACGTGAAG,0
AAAGTGAGGCCTACTTGAAG,0
AATGTGAGGTCTACGTGAAG,0
AAAGTGAGGGCTACGTGTGG,0
AAAGGGTGGGCTACGTGAAG,0
AAAGTGAGGGCTACTTCAAG,0
ATACTGAGGGCTACGTGAAG,0
AAAGTGCGGGCTACGTGAAC,0
AAAGAGAGGGCTACGTGAGG,0
AAAGGGATGGCTACGTGAAG,0
AAGGTGAGGGCTACGTGAGG,0
AAAGTGCGAGCTACGTGAAG,0
AAAGTGAGTGCTTCGTGAAG,0
AAAGTGATGGCTACGGGAAG,0
AAAGTGAGGGCTAGGTAAAG,0
AAAGTGAGGTCTACGTAAAG,0
AAAGTGAGCGCTAAGTGAAG,0
AAAGTGAGGGCTACGAGAAC,0
AAAGTGAGGGATCCGTGAAG,0
AAAGAGAGGCCTACGTGAAG,0
AAAGTGAGGGATACGCGAAG,0
AAAGTGAGGGCTCCGTGACG,0
CAGGTGAGGGCTACGTGAAG,0
AAAGTGAGGGCTACCCGAAG,0
AAAGTGAGGGCTACGTGCAA,0
AAAGTGAGGGCTACATGACG,0
AAAGTGAGGGCTCGGTGAAG,0
AAAATGAGGGCTACGGGAAG,0
AAAGTTAGGGCTACGTGATG,0
AAAGTGCGGGCTACGAGAAG,0
ATAGTGAGGGCTACTTGAAG,0
AAACTGAGGGCTACGTGAAT,0
AACTTGAGGGCTACGTGAAG,0
AATGTGAGGGCTACGTGAAT,0
GAAGTAAGGGCTACGTGAAG,0
AAAGTGAGCGCTCCGTGAAG,0
AAACCGAGGGCTACGTGAAG,0
AAAGGGAGGGCTACGTGCAG,0
AAAGTGAGGGCTACGTCCAG,0
AAGGTGAGGGCTAAGTGAAG,0
AAAGTGACGGCTACCTGAAG,0
AAAGTGAGGGTTACGTGAAT,0
AAAGTGATGGCTACGTAAAG,0
AAAGTCAGGGCTACATGAAG,0
AAAGTGAGTGCGACGTGAAG,0
ATAGTGATGGCTACGTGAAG,0
AAAGTGAGGGGTACGTGTAG,0
AAAGTGATGGCTACGTAAAG,0
AAAATGAGCGCTACGTGAAG,0
AAAGTGAGGTCAACGTGAAG,0
AAAGTTAGGGCTACATGAAG,0
AAAGTGAGGGCTACGGGAAC,0
AAAGTGAGTGCTACGTGAAA,0
AAAATCAGGGCTACGTGAAG,0
AAAGTGAGGGATGCGTGAAG,0
AAAGTGAGGGCCACGTGCAG,0
AAAGTGAGGGCTAATTGAAG,0
AAAGTGAGGGCCACGAGAAG,0
AAAGTGAGGGGTAAGTGAAG,0
AAAGTGACGGCTACGTGAAC,0
AAAGTGAGGGCGCCGTGAAG,0
AAAGCGAGGGCTACATGAAG,0
AAAGTGAGGGCTAGCTGAAG,0
AAATTGAGGGCTACTTGAAG,0
AAATTGAGTGCTACGTGAAG,0
AAAGTAAGGGCTACGTTAAG,0
AAAGTGGGGGCTTCGTGAAG,0
AAAGTGAGGGCTTCGTTAAG,0
AAAGTCCGGGCTACGTGAAG,0
AAAGTGGGGGCTACCTGAAG,0
AAAGTGAGGGCTATATGAAG,0
AATGTGAGGGCGACGTGAAG,0
AAAGGGAGGGCTACGTGACG,0
AAAGTATGGGCTACGTGAAG,0
TAAGTGAGGGCTACGTAAAG,0
GAAGTGAGGGCTACGTGTAG,0
AAGGTGAGCGCTACGTGAAG,0
AAAGTGAGGGTGACGTGAAG,0
AAAGTGAGGGCTAAGTCAAG,0
AAAGTGAGGGATACGTAAAG,0
AAAGGGAGGACTACGTGAAG,0
AACGTGAGGGCTAGGTGAAG,0
AAGGTGAGGGCTACGTGCAG,0
GAAGTGAGGCCTACGTGAAG,0
AGAATGAGGGCTACGTGAAG,0
AAAGGGGGGGCTACGTGAAG,0
AAAGTAAGGGCGACGTGAAG,0
ATAGTGAGAGCTACGTGAAG,0
AAAGTGAGGGGTAAGTGAAG,0
AAAGTGAGGGCTACGTGACC,0
AAAGTGATGGCGACGTGAAG,0
AGAGTGAAGGCTACGTGAAG,0
AAAGTGAGAGCTACATGAAG,0
AATGTGAGGGCTACGTGGAG,0
AAAGTGAGGCCTACGTGCAG,0
AAAGTCAGGGATACGTGAAG,0
AGTCTGCAGGGGTCCGCTAA,0
AGTATGCAGGGGTCCACTAA,0
AGTCTGCATGGGTCCACTAA,0
AGTCTGAAGGGGTCCACTAA,0
AGTCTGCAGGGGTCCGCTAA,0
AGTCTGCAGGGGTCCACTTA,0
ACTCTGCAGGGGTCCACTAA,0
AGTCTGGAGGGGTCCACTAA,0
AGTCTGCAGGGGTGCACTAA,0
AGTCTGCCGGGGTCCACTAA,0
AGTCTGCCGGGGTCCACTAA,0
AGTCTGCCGGGGTCCACTAA,0
AGTTTGCAGGGGTCCACTAA,0
AGTCTGCAGGGTTCCACTAA,0
AGTGTGCAGGGGTCCACTAA,0
AGTCTGCAGGGGCCCACTAA,0
AGTCTGCAGGGGTCCACTAT,0
AGTCTGGAGGGGTCCACTAA,0
AGTCTGCATGGGTCCACTAA,0
AGTCTGCAGGGGTCTACTAA,0
AGTCTGGAGGGGTCCACTAA,0
AGTCTGCAGGGGTCCACTAC,0
AGTCTGCAGGGGACCACTAA,0
AGTCTGCAGGGGTCCACCAA,0
AGTCTGCAGGAGTCCACTAA,0
AGTATGCAGGGGTCCACTAA,0
AGTCTGCAGGGGTCAACTAA,0
AGCCTGCAGGGGTCCACTAA,0
AGTCTGCAGGCGTCCACTAA,0
AGTCTGCACGGGTCCACTAA,0
AGACTGCAGGGGTCCACTAA,0
AGTCTGCAGGGGTCCACCAA,0
AGACTGCAGGGGTCCACTAA,0
AGTCTGCAGGGGTCCACTAG,0
AGTCTGCAGGAGTCCACTAA,0
AGCCTGCAGGGGTCCACTAA,0
AGTATGCAGGGGTCCACTAA,0
AGTCTGCAGGGGTCCATTAA,0
CGTCTGCAGGGGTCCACTAA,0
AGTCTGCCGGGGTCCACTAA,0
AATCTGCAGGGGTCCACTAA,0
AGTCTGCAGGGGTCCACAAA,0
AGTCTGCAGGGGTCCACTAG,0
AGTCTGCAGGGGTCCACTAT,0
AGTCTGCAGGGGACCACTAA,0
AGTCTGCAGGGATCCACTAA,0
AGGCTGCAGGGGTCCACTAA,0
AGTCTGCAGGGGTCCATTAA,0
AGTCAGCAGGGGTCCACTAA,0
AGTCTGCAGGGGTACACTAA,0
AGTCTGCAGGGGTCTACTAA,0
AGTCTGCAGGGGTCCTCTAA,0
AGTCTGGAGGGGTCCACTAA,0
CGTCTGCAGGGGTCCACTAA,0
AGTATGCAGGGGTCCACTAA,0
AGTCTGGAGGGGTCCACTAA,0
AGTCTACAGGGGTCCACTAA,0
AGTCTACAGGGGTCCACTAA,0
AGTCTGCAGGGGTCAACTAA,0
AGTCTGCAGGGGTCCCCTAA,0
AGTCAGCAGGGGTCCACTAA,0
AGTCTGCAGGGGTCCACTCA,0
AATCTGCAGGGGTCCACTAA,0
AGTCTGCGGGGGTCCACTAA,0
AGTCTGCAGGGGTCAACTAA,0
AGTCTGCAGGGGTTCACTAA,0
AGTCTGCAGGGGTCCATTAA,0
AGTCCGCAGGGGTCCACTAA,0
AATCTGCAGGGGTCCACTAA,0
AGTCGGCAGGGGTCCACTAA,0
AGTCTGCAGGGGTCCACTCA,0
AGTCTGCAGGGTTCCACTAA,0
AGTCTACAGGGGTCCACTAA,0
AGTCTGCAGGGGTCCACAAA,0
AGTCTGCAGGGGTTCACTAA,0
AGTCTGCAGGGGTCCACTAT,0
AGCCTGCAGGGGTCCACTAA,0
AGTCTGCAGGTGTCCACTAA,0
AGTGTGCAGGGGTCCACTAA,0
AGTCTGCAGGGTTCCACTAA,0
AGTCTGCAGGGGTCCACTAC,0
AGTCTGCAGGGGTACACTAA,0
AGTCTGCAGGGGTCCACTAC,0
AGTCTGCAGGGGTCCACTAC,0
AGTCTGTAGGGGTCCACTAA,0
AGTCAGCAGGGGTCCACTAA,0
AGTCTGTAGGGGTCCACTAA,0
AGTCTGCAGCGGTCCACTAA,0
AGTCTGCATGGGTCCACTAA,0
AGTCTGCAGGGATCCACTAA,0
AGCCTGCAGGGGTCCACTAA,0
AGTCTGCAGCGGTCCACTAA,0
AGTCTGGAGGGGTCCACTAA,0
AGTCTGCAGGGCTCCACTAA,0
AGTCTGCAGGGGTTCACTAA,0
ATTCTGCAGGGGTCCACTAA,0
AGTCTGCAGGGGTACACTAA,0
AGTCTGCAGGGCTCCACTAA,0
AGTCTGCAGGGGTCGACTAA,0
AGTCTGCAGGGGTCCACTAT,0
TCTCCCAAAACTCTAGAAGT,1
TCTGCCAAAACTCTAGAAAT,1
TCTCCCAAAAATCTAGAAAT,1
TCGCCCAAAACTCTAGAAAT,1
CCTCCCAAAACTCTAGAAAT,1
TCTCCCAGAACTCTAGAAAT,1
TCTCCCAAAACTCTAGACAT,1
TCACCCAAAACTCTAGAAAT,1
TATCCCAAAACTCTAGAAAT,1
TCTCCCAATACTCTAGAAAT,1
TCTCCCAAAACTCTAGAATT,1
TATCCCAAAACTCTAGAAAT,1
TTTCCCAAAACTCTAGAAAT,1
TCTCCCAAAACTCAAGAAAT,1
TTTCCCAAAACTCTAGAAAT,1
GCTCCCAAAACTCTAGAAAT,1
TCTCCCCAAACTCTAGAAAT,1
TCTCCCTAAACTCTAGAAAT,1
TCTCCCAAAACTCTAGCAAT,1
TCTCCCAAAACTCTACAAAT,1
TCTCCCAAAACTCTATAAAT,1
TCTCCCAAAACTCTAGAGAT,1
TCTCCCAAAACGCTAGAAAT,1
TATCCCAAAACTCTAGAAAT,1
GCTCCCAAAACTCTAGAAAT,1
TCTCCGAAAACTCTAGAAAT,1
TCCCCCAAAACTCTAGAAAT,1
CCTCCCAAAACTCTAGAAAT,1
TCCCCCAAAACTCTAGAAAT,1
TTTCCCAAAACTCTAGAAAT,1
TCTCCCAAAACTCTGGAAAT,1
TCTCCCAAAACTTTAGAAAT,1
TCTCCCAAAATTCTAGAAAT,1
TCTCCCAAAGCTCTAGAAAT,1
TCTCCCAAAACTCTGGAAAT,1
TCTCCCAAAAGTCTAGAAAT,1
TCTCTCAAAACTCTAGAAAT,1
TCTCCCAAAACTCTAGAGAT,1
TCTCCCAAAACTCTCGAAAT,1
TTTCCCAAAACTCTAGAAAT,1
TCTCCGAAAACTCTAGAAAT,1
TCTCCCAAAACTCAAGAAAT,1
TCTCCCAACACTCTAGAAAT,1
TCTCCCAAAACTCTGGAAAT,1
TCTCCCAAAACTCAAGAAAT,1
TCTCCCAAAACTCTACAAAT,1
TCTCCCAAAACTCTAGCAAT,1
ACTCCCAAAACTCTAGAAAT,1
TCTCCCAAAACTCTAGACAT,1
GCTCCCAAAACTCTAGAAAT,1
TCTCCCAAAACTCTATAAAT,1
TCTCCCAAAACTATAGAAAT,1
TCTTCCAAAACTCTAGAAAT,1
TCTCCCAATACTCTAGAAAT,1
TTTCCCAAAACTCTAGAAAT,1
TCTCCCAAAACTCTAGCAAT,1
TCTCCCAAAACTCTAGAATT,1
TCTCCCAGAACTCTAGAAAT,1
TCTCCCAAAATTCTAGAAAT,1
TCTCCAAAAACTCTAGAAAT,1
TCTCCCTAAACTCTAGAAAT,1
TCTCGCAAAACTCTAGAAAT,1
TCTCCCAAAACTCTAGAACT,1
TCTCCCAAAACTCTAGATAT,1
TCTCCGAAAACTCTAGAAAT,1
TCGCCCAAAACTCTAGAAAT,1
TCTCCCAAAACTCTAGAAGT,1
TTTCCCAAAACTCTAGAAAT,1
TCTCCCAAAACTCTGGAAAT,1
TCTCCCAAATCTCTAGAAAT,1
TCTCCCAAAAATCTAGAAAT,1
TCGCCCAAAACTCTAGAAAT,1
TCTCCCAAAACTCTAGATAT,1
TCTCCCAAAACACTAGAAAT,1
TCTCCCAAAACTCTCGAAAT,1
TCTCCCAAAACTCTAAAAAT,1
TCTCCCAAAACCCTAGAAAT,1
TCTCCCAAAGCTCTAGAAAT,1
TCTGCCAAAACTCTAGAAAT,1
TCTCCCAAAACTCGAGAAAT,1
TCTCCCAAAGCTCTAGAAAT,1
TCTCCCAAAACTCCAGAAAT,1
TCTCCCAAAACGCTAGAAAT,1
TCTCCCAAAACTCTAGAAAG,1
TCTCCCAAAACCCTAGAAAT,1
TCTCCCAAAACTCTTGAAAT,1
TCTCCCAAAAATCTAGAAAT,1
TGTCCCAAAACTCTAGAAAT,1
TCTCCCAAAACTTTAGAAAT,1
TCTCCCAAAACTCAAGAAAT,1
TCTCCCAAAACTCTAGCAAT,1
TCCCCCAAAACTCTAGAAAT,1
TCTCGCAAAACTCTAGAAAT,1
GCTCCCAAAACTCTAGAAAT,1
TCTCCCAAAACTCTAGAGAT,1
TTTCCCAAAACTCTAGAAAT,1
TCTCCCAAAACTCTAGTAAT,1
TCACCCAAAACTCTAGAAAT,1
TCTGCCAAAACTCTAGAAAT,1
TCTCTCAAAACTCTAGAAAT,1
CGATTTTCTACTCTAACCAT,1
CGACTATCTGCTGAAACCAA,1
CGATTACGAGCTGCAACCAT,1
CGACTGTCTTCTTCAACCAG,1
CGATTATTTTATTCAACCCT,1
CGAGTATCTTCTCTGACCAT,1
CGATCATCTTTTGCACCCGT,1
CGATTCTGGTCCGCAACCAT,1
CGCTTATCTTCTGTAGCCAG,1
CGCTTTTCTGCTGCAACCGT,1
CGAATATCTTGTGCAGCCGT,1
CGATGATGGTCTGCAACCGT,1
CGATTATCATGTCGAACCAT,1
CGATTATCTTCGCAAACGAT,1
CGACGAACTTCTGGAACCAT,1
CGATGCTGTGCTGCAACCAT,1
CGATGGTCTTCTGTAGCCAT,1
CGAAGATCGTCTGAAACCAT,1
CAAATAGCTTCAGCAACCAT,1
TGATTCACGTCTGCAACCAT,1
CCATTATCTTCTGCCTCCAG,1
CGATAACCTTCTGCATGCAT,1
CACCTATCTTTTGCAACCAT,1
AGAATATCTTCGGCAACTAT,1
CGATTCGCTTCTCCAACTAT,1
CGACTTTCTTCTACAGCCAT,1
CGATTATCTACTGGGTCCAT,1
CGATTATGTGCTCCGACCAT,1
CTTTCATCTTCTGCAAGCAT,1
CCATTATCGTCTGAAATCAT,1
CGATTAACTTTTGCAACACT,1
CGGTTATGTTCTGTAACGAT,1
CGAGTATCTATTGCACCCAT,1
CGGTTATCATGGGCAACCAT,1
CGATTTTCCTCTGTAATCAT,1
CCATTATCTCATGCCACCAT,1
CCACTATCTTCTGCAATCCT,1
CGAGTATCTTTTGGAACCAA,1
TGATTATCTTATAGAACCAT,1
CAATTCTCTTCCGCATCCAT,1
CTACTATCTTCTGCGAGCAT,1
CGATTATCTTGAGCACCCAG,1
CGATTCTCTTCTGTATCCGT,1
CGATTATTTTCTTCACCTAT,1
CGATCATATCCGGCAACCAT,1
CGATTATTGTGAGCAACCAT,1
CGATTTTCTGCTGTATCCAT,1
CGACCTTCTTTTGCAACCAT,1
CGATTATCATCCACACCCAT,1
CGGGTATCTTCTGCTACTAT,1
CGATAATCTTCTGCGAATAT,1
CAGTTATCTTCTGTAACCAG,1
CGATTAGCTTCGGCAATCAA,1
CGCTTTTCGTCTGTAACCAT,1
CGATTATCTTCTCCATCACT,1
CGTTCATCGTCTGCAACCCT,1
CGTTTATCTGCTGCAACTGT,1
CGATTATTTTTTGCAGCCAG,1
CCACTATCTTCGGCAACCAA,1
CGATTGTCTTCTCTAACCAG,1
CACTTATCTTCGGCAACAAT,1
GTATTATCTGCTACAACCAT,1
CGATCCTCTTCTTGAACCAT,1
CGATTATCATCGGCAACAGT,1
CGATATGGTTCTGCAACCAT,1
CGCTAATCTTCGACAACCAT,1
CGAATTTCTTCTTCAACCGT,1
CGCTTATCTTCTGCAGGCGT,1
CCCTTATCTGCTGCAAGCAT,1
CGCCTATATTCGGCAACCAT,1
CGATCATCTTCGGCAACTAA,1
CGATTAATTTGTCCAACCAT,1
CGATTATCTCCTGCAGAAAT,1
CCATCATCTTCTGCAATCAG,1
CCAATATCTTCTGGCACCAT,1
CGATAATCTTCGGCACTCAT,1
TGATAGTCTTCTGCAAGCAT,1
CGATTAACTTCTGCGGCAAT,1
CGCCTATCTACTGCAACAAT,1
CGCCTATCTGATGCAACCAT,1
CGATAAACGTCTGCAACCCT,1
CGAGTGTCTTCTGCACCCAA,1
CGAGTGTCCCCTGCAACCAT,1
CGGTGATCTTCTTCATCCAT,1
GCATAATCTTCTGCAATCAT,1
CGAATATCTTCTGCAGCTAC,1
CCATTGTTTTCTGGAACCAT,1
CCATTATCATTTGCCACCAT,1
CGCTTATCCTCTGCATCAAT,1
CGGAGTGACGTGTTGTGTAG,1
CGCCGTGCCGTATTGTGTAG,1
GGCCGTGACGTGCTGCGAAG,1
GGGCGTGACGTGTTGTTCAG,1
GGCCGTGACCTGTTATGAAG,1
GGCCGTGACCTGTTTTGCAG,1
GGCTCTGAAGTGTTGTGTAG,1
GGCCCTTAGGTGTTGTGTAG,1
GGCCGTGACTTGCTGGGTAG,1
GGCCGTGATGCGTTATGTAG,1
CGGCGTTGCCCACTTCCTTG,1
CGGCGTTGTCCACAACCTTT,1
CGGCGTTGACCACAATCTTG,1
AGGCGTTGCCCACGACCTTG,1
CGGCGTTGCGCACAACCTTT,1
CGGCGTCGCCCACAACCTTC,1
CGGCTTTGCCCAAAACCTTG,1
CGGCGTCGCACACAACCTTG,1
CGGCGTCGCCCATAACCTTG,1
CGACGTTGCCAACAACCTTG,1
CGGGGTTGCCCACAACCTTA,1
CGGAGTTGCCCACGACCTTG,1
CGGCGGTGCCCAGAACCTTG,1
CGTAGTTGCCCACAACCTTG,1
CGGCGCTGCCCAAAACCTTG,1
CGACGTTGCCCACAACCTTA,1
CGGCTTTGCCCATAACCTTG,1
CGGCGTTGTCCACAACCTTC,1
CGGAGTTGCCCTCAACCTTG,1
CGGCGTTGCCAACACCCTTG,1
CGGGGTTGCCCACAACCATG,1
CGCCGTTGCCTACAACCTTG,1
CGGCATTGCCCACAACGTTG,1
CGGCGTTGCCCACAGCCTTC,1
CGGCATCGCCCACAACCTTG,1
CGGCGGTGCCCACAACATTG,1
CGGTGTTGCCCACAACCGTG,1
CGGCGTTCCCCATAACCTTG,1
CGCCGTTGCCCACAAACTTG,1
CAGCGTTGCCCACAACCGTG,1
GGGCCTTGCCCACAACCTTG,1
AGGCGTTGCCCACAACCTAG,1
CGGCGTTGCGCACAACATTG,1
CGGCGTTGGCCACAACCTTT,1
CGGAGTGGCCCACAACCTTG,1
CGGCGTTGCCCCCAACCATG,1
CAGCGTAGCCCACAACCTTG,1
CGGCGTTGCCTACAACCATG,1
CGGCGGTGCCCACTACCTTG,1
CGGCGTTGCGAACAACCTTG,1
CGGCTTAGCCCACAACCTTG,1
CGCCGTTGCCAACAACCTTG,1
CGGCGTTGCCCCCAACCATG,1
CGGCGATGCCAACAACCTTG,1
CGGCGTTGCCCCCAACCTCG,1
CGGCTTTGCCCACAACCCTG,1
CGGCGTTGCCCCCAACCTCG,1
CGGCCTGGCCCACAACCTTG,1
CGGCGCTGCCCACAACTTTG,1
CGGCGCTGCCCACGACCTTG,1
GGGCCTTGCCCACAACCTTG,1
CGGCGTTGCACACAACCTTA,1
CGCAGTTGCCCACAACCTTG,1
CGCCGTTGCCCACAACCTCG,1
CGCCGTTGCCCACAATCTTG,1
TGGCGTTGGCCACAACCTTG,1
CCGCGTTGCCCACAGCCTTG,1
CGACGTTGCCAACAACCTTG,1
GGGCGCTGCCCACAACCTTG,1
CGGCGTTGCACACAAACTTG,1
CGGTTTTGCCCACAACCTTG,1
CGGCGTTGCGCACAACGTTG,1
CGGCGTTGCCCACCACCTTA,1
CGGGGTTGCCCAAAACCTTG,1
CGCCGTTGCCCCCAACCTTG,1
CAGCGTTGCCCACAACCTTC,1
CAGCGTTGCCCACAACTTTG,1
CGGCGTTGCACACAACCCTG,1
CGGCGTAGCCCACAAACTTG,1
CGTCGTTGCCCTCAACCTTG,1
CGGCGTTCCCCACAACCTGG,1
CGGCGTTGCCCACAACGGTG,1
CGGCGTTTCGCACAACCTTG,1
CGGCCTTGCGCACAACCTTG,1
CGGCTTTGCCCACGACCTTG,1
CGGCGTTGACCACAACCATG,1
CGGGGTTGCCCACAACCTTC,1
CGGCCTTGCCTACAACCTTG,1
CGGCCTTGCCCACAACCTTT,1
CGGCGTGGTCCACAACCTTG,1
AGGCATTGCCCACAACCTTG,1
CGGCCTTGCCCACAACCTCG,1
CGGCGTTCCCCCCAACCTTG,1
CGACGTTGCTCACAACCTTG,1
CGGGGTTGCCCACAACCATG,1
CGTCGTTGACCACAACCTTG,1
CGTGGTTGCCCACAACCTTG,1
CGGCGGTGCCCACCACCTTG,1
CGGCGTTGTCGACAACCTTG,1
CGGCGTTTCCCACAACCGTG,1
CGGCGTTGCCCACAACATAG,1
CTGCGTTTCCCACAACCTTG,1
AGGCGTTGCCCACAATCTTG,1
CGGCGTTGCCTACAACCTCG,1
CGGCGGTGCCCACCACCTTG,1
CTGCGTTGCCCACAAGCTTG,1
CGGCGTTGCCCATAACCTTA,1
CGGCGTTTCCCACAACCTAG,1
CTGAGTTGCCCACAACCTTG,1
CGGCGTAGCCCACATCCTTG,1
CAGCATTCGGTCCTGGGCCT,1
CAGCATTCGGCCCTGTGCCT,1
CAGTATTCGGCCCTGGGCCT,1
CAGCATTCGGCCCTAGGCCT,1
CAGCAATCGGCCCTGGGCCT,1
CAACATTCGGCCCTGGGCCT,1
CAGCACTCGGCCCTGGGCCT,1
CAGTATTCGGCCCTGGGCCT,1
CAGCATTCGGCCTTGGGCCT,1
CAGCATCCGGCCCTGGGCCT,1
CAGCATTCGGCCCTGGGCCG,1
CAGCATTCGCCCCTGGGCCT,1
CAGCATTCAGCCCTGGGCCT,1
CAGCATTCCGCCCTGGGCCT,1
CAGCATTCAGCCCTGGGCCT,1
CAGCAGTCGGCCCTGGGCCT,1
CAGCATACGGCCCTGGGCCT,1
CAGCATTCGGCCATGGGCCT,1
CAGCATTCGGCCCTGGGCCG,1
CAGCATTCGGCCCGGGGCCT,1
CAGCATTCGGCCCTGTGCCT,1
CAGCATTCGGCCCTGGGCCG,1
CAGCATTCGGCCCGGGGCCT,1
CAGCATTCGGCCCTGGGGCT,1
CAGCATTCTGCCCTGGGCCT,1
CAGCATTCGGCCCTGGGCCC,1
CTGCATTCGGCCCTGGGCCT,1
CAGCATTCGGCCCTCGGCCT,1
CAGCATTCGGCCATGGGCCT,1
CAGCATTCGGTCCTGGGCCT,1
CAGCAGTCGGCCCTGGGCCT,1
CAGCAGTCGGCCCTGGGCCT,1
CAGCATTCGGCCCTAGGCCT,1
CAGCTTTCGGCCCTGGGCCT,1
CAGCATTCGGCCCTGGGGCT,1
CAGCATTCGGCCCGGGGCCT,1
CAGCATTCGGGCCTGGGCCT,1
CAGCTTTCGGCCCTGGGCCT,1
CAGCATTCGGCCCTGGGTCT,1
CAGCATTTGGCCCTGGGCCT,1
CAGTATTCGGCCCTGGGCCT,1
CAGCATTCGGCTCTGGGCCT,1
CAGCATTCGACCCTGGGCCT,1
CAGCATTCGGCCCTTGGCCT,1
CAGCATTCGGCCCTGGGTCT,1
CAGCATTCGGCCCTAGGCCT,1
CAGCATTCGGCCCTGGGCAT,1
CAGCATTCTGCCCTGGGCCT,1
CAGCATTCGGCCCTTGGCCT,1
CAGCATTCGGCCCTGGTCCT,1
CAGCATTCGGCCATGGGCCT,1
CTGCATTCGGCCCTGGGCCT,1
CAGCATTCCGCCCTGGGCCT,1
CAGCATTGGGCCCTGGGCCT,1
CAGCATTCAGCCCTGGGCCT,1
CAGAATTCGGCCCTGGGCCT,1
CAGCATTCGGCCCTGGGGCT,1
CAGCATTGGGCCCTGGGCCT,1
CAGCATTCGGCGCTGGGCCT,1
CAGCATTCGACCCTGGGCCT,1
CAGCATTCTGCCCTGGGCCT,1
CAGCATACGGCCCTGGGCCT,1
CAGCATTCGGCCCTGGACCT,1
CGGCATTCGGCCCTGGGCCT,1
CAGCATGCGGCCCTGGGCCT,1
CAGCATTGGGCCCTGGGCCT,1
CAGCATTCGGCGCTGGGCCT,1
CAGCATTCCGCCCTGGGCCT,1
CAGCATTCGGCCCTGAGCCT,1
CAGCATTCGGCCCTGGGCCG,1
CAGCACTCGGCCCTGGGCCT,1
CAGCATTCGGCCCTGGGCTT,1
CAGCATTCGACCCTGGGCCT,1
CCGCATTCGGCCCTGGGCCT,1
CAGCAGTCGGCCCTGGGCCT,1
CAGCATTAGGCCCTGGGCCT,1
CTGCATTCGGCCCTGGGCCT,1
CAGCATTCGGTCCTGGGCCT,1
CAGCATTCGGCCATGGGCCT,1
CAGCATTCGGCCCTGGGCAT,1
CAGCATTCGGCCCTGGGCCC,1
CAGCATTCGGCCCTGGGCCC,1
CAGCATTCGCCCCTGGGCCT,1
CAGCATTCGGCACTGGGCCT,1
CAGCATGCGGCCCTGGGCCT,1
CAGCATTCGGACCTGGGCCT,1
CAGCATTCGGCCCTGTGCCT,1
CAGCTTTCGGCCCTGGGCCT,1
CAGCATTAGGCCCTGGGCCT,1
CAGCATTCGGCCCTGGACCT,1
CAGCATTCGGCTCTGGGCCT,1
CAGCATTCCGCCCTGGGCCT,1
CAGCATTCGGGCCTGGGCCT,1
TAGCATTCGGCCCTGGGCCT,1
CAGCATTCGGCCCTGGGGCT,1
CAGCATTCGGACCTGGGCCT,1
CAGCATTCGGCCCTGAGCCT,1
CAGCAGTCGGCCCTGGGCCT,1
CAGCATTCGACCCTGGGCCT,1
CAGCATTCGGCCCTTGGCCT,1
